epoch,elapsed,loss,acc,val_loss,val_acc
0,116.67535829544067,0.406084246054,0.8116,0.334946663313,0.85388
1,115.7781069278717,0.218600516194,0.91472,0.384590916443,0.8446
2,112.59643745422363,0.122672354544,0.95524,0.418256028066,0.83596
3,110.32164740562439,0.0689192831671,0.97604,0.692661661329,0.83368
