epoch,elapsed,loss,acc,val_loss,val_acc
0,194.43923449516296,0.580216101322,0.78852,0.431126346159,0.86008
1,193.20094537734985,0.276493033619,0.93104,0.298835570488,0.89392
2,193.87876391410828,0.136141899796,0.97188,0.260079244156,0.9014
3,193.50996112823486,0.0732064427233,0.98868,0.242655161638,0.90396
4,192.95568418502808,0.0410600719607,0.9952,0.23496989655,0.90664
