epoch,elapsed,loss,acc,val_loss,val_acc
0,170.60307598114014,1.96633032192,,,
1,169.76233792304993,1.61812290168,,,
2,169.8194501399994,1.53165482526,,,
3,169.64364504814148,1.4873584115,,,
4,169.7175750732422,1.45908464288,,,
5,169.65867161750793,1.43810869444,,,
6,169.41075444221497,1.42115520084,,,
7,170.0120050907135,1.40861423292,,,
8,170.2075595855713,1.39953778588,,,
9,169.31466937065125,1.38898771965,,,
