epoch,elapsed,loss
0,200.50994443893433,2.00740192306
1,200.6061635017395,1.72691205901
2,200.58900570869446,1.60523250592
3,199.39218664169312,1.52170179784
4,200.247416973114,1.45952078334
5,200.17994713783264,1.41102853029
6,199.89472699165344,1.36999443572
7,200.46896958351135,1.33651857343
8,200.58775925636292,1.30633822421
9,200.28254342079163,1.27720582742
