epoch,elapsed,loss,acc,val_loss,val_acc
0,194.7648868560791,0.580209932117,0.78864,0.431126172657,0.86008
1,193.34579706192017,0.276494305372,0.93104,0.298837219172,0.89396
2,194.29892539978027,0.136144033275,0.97188,0.2600809165,0.9014
3,193.76834917068481,0.0732082332277,0.98868,0.242656009016,0.90396
4,192.96964383125305,0.0410611696565,0.9952,0.234970316777,0.90664
