epoch,elapsed,loss,acc,val_loss,val_acc
0,115.1009590625763,0.406834043984,0.81024,0.340516111288,0.85272
1,114.16464877128601,0.222581279134,0.91192,0.357548212395,0.8472
2,114.2476909160614,0.127702741005,0.954,0.411154654522,0.8374
3,114.62748169898987,0.0767797318706,0.97336,0.714427797465,0.83124
