epoch,elapsed,loss,acc,val_loss,val_acc
0,168.9953589439392,2.00934745503,,,
1,169.4086091518402,1.64852182267,,,
2,169.24702167510986,1.55611363237,,,
3,169.19099760055542,1.50755365963,,,
4,168.7336642742157,1.47859168437,,,
5,169.3484411239624,1.45514112237,,,
6,168.57267475128174,1.43971126791,,,
7,169.42962551116943,1.42633917871,,,
8,169.16554760932922,1.41615264321,,,
9,169.21987080574036,1.40574697323,,,
