epoch,elapsed,loss
0,200.99397683143616,2.00927403766
1,201.29684734344482,1.72457779608
2,201.31707763671875,1.60096077843
3,201.2753767967224,1.51817728961
4,201.10359716415405,1.45629253991
5,201.04868364334106,1.4053672912
6,200.8079810142517,1.36491719028
7,201.10827541351318,1.33053714738
8,201.64964365959167,1.29963471344
9,201.14342403411865,1.27189094249
