epoch,elapsed,loss,acc,val_loss,val_acc
0,71.64452147483826,1.98063833162735,,,
1,67.97254586219788,1.6330490943207452,,,
2,70.14765453338623,1.5475551509915506,,,
3,69.21867442131042,1.503285943915133,,,
4,76.54828476905823,1.4733398666032336,,,
5,76.0425820350647,1.4522520116066127,,,
6,74.51025009155273,1.4352431226283187,,,
7,73.6555745601654,1.4215762832266723,,,
8,74.0988564491272,1.4103665281062887,,,
9,72.30364966392517,1.4020339803896618,,,
